Opportunity_ID,Target
7042,0.538220952152442
7043,0.5396167740229003
7044,0.46509705388224387
7045,0.5497962301529262
7046,0.5214063237288187
7047,0.541377649505405
7048,0.2889640928234078
7049,0.5473216326401581
7050,0.4810067790627167
7051,0.4917617277556298
7052,0.4664057316454946
7054,0.5630493088055388
7056,0.49190114391767226
7057,0.4869407478458952
7058,0.5498458664060404
7059,0.3285605872940905
7060,0.31310188683712337
7062,0.5054380959333431
7063,0.316890730046068
7064,0.4696694109177028
7065,0.5984382628154721
7066,0.5730913971383363
7067,0.5346895998712816
7068,0.5839635974456395
7069,0.3120050099376589
7070,0.542059364479758
7071,0.530260816133454
7072,0.5613139901123475
7073,0.5368623790344748
7074,0.5434047126895176
7075,0.5434047126895176
7076,0.459299525148534
7077,0.2881663356854153
7078,0.30029297500591423
7079,0.47874363521300234
7080,0.49236038152055894
7081,0.5077372210300491
7082,0.32176584889733384
7083,0.5406348452900676
7084,0.473041015828647
7085,0.4756493050014998
7088,0.48484095663871307
7089,0.4983301749833232
7091,0.5482843060242101
7092,0.5499579107853901
7093,0.5209475257500478
7095,0.5666172050131101
7096,0.34856854800483905
7097,0.5116753050343793
7098,0.5039717162542565
7099,0.5039717162542565
7100,0.5039717162542565
7101,0.5039717162542565
7102,0.45215825787525515
7103,0.5989679934935056
7104,0.5989679934935056
7105,0.4968847979260092
7107,0.4752875333029576
7108,0.5779658187263358
7109,0.3296935346052781
7110,0.5530790069477532
7111,0.5420521042606405
7112,0.5988777379649218
7113,0.5499355999054075
7114,0.5989679934935056
7115,0.29283906977253443
7116,0.5989679934935056
7117,0.5989679934935056
7118,0.5508563730837132
7119,0.5090731380470722
7120,0.5090731380470722
7121,0.5022191671033499
7122,0.357827798031773
7123,0.5134301969078041
7124,0.32105536837343296
7125,0.5614951974230034
7126,0.5671152001583752
7127,0.4852439176955036
7128,0.5417188517171769
7129,0.5028037964018358
7130,0.5748789762484044
7131,0.4515729622208625
7133,0.5052782247286636
7134,0.29423633850627473
7135,0.4894261219054981
7138,0.3612489245849463
7139,0.35235939600074967
7140,0.4894559345030141
7141,0.4784956616231203
7142,0.493072958986681
7143,0.5977861930914274
7144,0.5977861930914276
7145,0.4842678093381993
7147,0.4982706888422944
7148,0.4996986666229645
7149,0.49969866662296447
7152,0.500339866767215
7153,0.5253930620302902
7154,0.487679650328357
7155,0.4965222791293101
7156,0.48158101189453584
7157,0.5396167740229003
7158,0.5614801158902767
7159,0.47683041041342944
7160,0.5536799576898438
7162,0.5139947966806458
7163,0.47780287671225247
7164,0.49084746353162034
7165,0.5440434534417706
7166,0.4852547518940965
7167,0.4487457786425471
7168,0.4836237825074305
7170,0.304376408261372
7172,0.47683041041342944
7173,0.5016557371614536
7174,0.5102659041186867
7175,0.4973757446778151
7176,0.5111591142220206
7178,0.5240590913967713
7179,0.5082947305352257
7180,0.6112401615696277
7181,0.45875739224362394
7182,0.5596861180600882
7183,0.4614366612609264
7184,0.34064858375457785
7185,0.5530790069477532
7186,0.4841567861885123
7187,0.47683041041342944
7188,0.4841567861885123
7189,0.4706862912147006
7190,0.46094067623633367
7191,0.46094067623633367
7192,0.46094067623633367
7193,0.4542572266530104
7194,0.4542572266530104
7195,0.4542572266530104
7196,0.5472962504104614
7197,0.5077372210300491
7198,0.4957753117937698
7199,0.598438262815472
7200,0.5989679934935056
7201,0.29194185252981014
7202,0.4452080672090333
7203,0.4768165594377906
7204,0.5068584775194992
7205,0.514132400624159
7206,0.5978249585003353
7207,0.5759927051187548
7208,0.4953148242369862
7209,0.3158769152126724
7212,0.5522614849915708
7213,0.5140547824134303
7214,0.5782556037010748
7215,0.5098571719977166
7216,0.3658337864932625
7217,0.46015303114358785
7218,0.46015303114358785
7219,0.44752749834689837
7220,0.44750187935165214
7221,0.5234522910562545
7222,0.5456631929309865
7223,0.5875988644780711
7224,0.5928655275844885
7225,0.4688312727811141
7226,0.5564293957380864
7227,0.4964386854290084
7228,0.5567205898834815
7229,0.3477603627783297
7230,0.5420521042606405
7231,0.5723654740992242
7232,0.4082674644354591
7233,0.5503452655351511
7236,0.3206707300085356
7237,0.3409685515212135
7238,0.5258740333462671
7239,0.5992619018116487
7240,0.47890752989889523
7241,0.5978249585003353
7242,0.49671491698093206
7243,0.542516327247393
7244,0.46217350877358077
7245,0.5173160025922445
7246,0.5469637845874428
7247,0.35902513869120845
7248,0.3256286693604767
7249,0.48036304965420373
7250,0.5417801336822355
7251,0.48078601176951385
7252,0.5425094614755367
7254,0.5978249585003353
7255,0.5682651286787679
7256,0.5619471734921078
7257,0.5626819303677285
7258,0.47742496146071106
7259,0.5151323020737174
7260,0.5151323020737174
7263,0.5101191506036193
7264,0.5406193864840646
7265,0.555023456598688
7266,0.4841567861885123
7267,0.5987686988609892
7268,0.5759927051187548
7269,0.5421692374243733
7271,0.5421692374243733
7272,0.5138647681047814
7274,0.538220952152442
7277,0.30013475474516393
7278,0.450939448588829
7280,0.4272156699298162
7281,0.42834934217260506
7282,0.5862308986969011
7283,0.33911885434834704
7284,0.4981679397305094
7285,0.5435838417950127
7286,0.44633084229196046
7287,0.500339866767215
7288,0.5055072012569584
7290,0.4767033178010285
7291,0.4784845963740907
7292,0.48086612085999003
7293,0.45659729644640995
7294,0.5604692664161733
7295,0.5739120580216003
7296,0.5699883441384983
7297,0.45554362980528873
7298,0.2946933072006395
7299,0.49720746017522177
7300,0.4927192340472396
7301,0.4626889073002259
7302,0.44900534625620797
7303,0.5038139184496561
7304,0.5038139184496561
7305,0.5038139184496561
7306,0.5116753050343793
7307,0.5116753050343793
7308,0.5038139184496561
7309,0.509571227706879
7310,0.509571227706879
7311,0.509571227706879
7312,0.5039717162542565
7313,0.5078949898375588
7314,0.5078949898375588
7315,0.5039717162542565
7316,0.5103587217198934
7317,0.5102274727177243
7318,0.4736842181327223
7319,0.49847759025298605
7320,0.4737915108051737
7321,0.528984555148714
7322,0.47802228747314307
7323,0.47595086323967084
7324,0.4933645237760653
7325,0.4692558092462131
7326,0.33963033741480025
7327,0.5927415393406185
7328,0.5927415393406185
7329,0.4920503780636954
7330,0.48234537472070366
7331,0.49168782930896604
7333,0.44753526708663693
7334,0.561157905903509
7335,0.5516971940430675
7336,0.5526469072172148
7337,0.47802228747314307
7338,0.48365189875004944
7339,0.47595086323967084
7340,0.46863600029474584
7341,0.47595086323967084
7342,0.47595086323967084
7343,0.5421494159410032
7345,0.5129296548247637
7346,0.5264757686136626
7347,0.5185646912787488
7348,0.48158101189453584
7349,0.47815374574124203
7350,0.5454505413156795
7351,0.50250885621868
7352,0.5815547066410635
7353,0.5543955473425635
7354,0.48912794144446076
7355,0.5474334975287183
7356,0.4654988009750109
7357,0.5445929226112101
7358,0.5263257791265044
7359,0.5263257791265044
7360,0.5108451637217066
7361,0.5987686988609892
7362,0.524920894930909
7363,0.524920894930909
7364,0.5211494671886377
7365,0.5759927051187548
7366,0.5759927051187548
7367,0.5257759189840258
7368,0.3402756448931944
7369,0.46071780023708625
7370,0.5072220825257714
7371,0.4910913515457112
7373,0.5607941192981211
7374,0.4473487235617466
7375,0.4953148242369862
7376,0.3186303316795855
7377,0.48918583918408554
7378,0.47743215665185346
7379,0.47743215665185346
7380,0.4841567861885123
7381,0.4841567861885123
7382,0.47719100384140156
7383,0.47719100384140156
7384,0.4811343321473602
7385,0.47271247383239734
7386,0.4889897554100494
7387,0.4906656797288591
7388,0.5739120580216003
7389,0.5401335349656569
7390,0.5406348452900676
7391,0.48365189875004944
7392,0.47668656819113364
7393,0.48365189875004944
7394,0.47668656819113364
7395,0.47595086323967084
7396,0.46773548630244205
7397,0.47595086323967084
7398,0.47595086323967084
7399,0.4691912371829355
7400,0.48365189875004944
7401,0.4841567861885123
7402,0.47815374574124203
7403,0.5478303372075382
7405,0.5624982411488233
7406,0.4852439176955036
7408,0.5026840020416933
7409,0.5533908144220241
7410,0.4998592242810355
7411,0.48106872273650375
7412,0.5334256950594763
7413,0.5987686988609892
7414,0.4971074811613724
7415,0.5071042713295327
7416,0.31907948386507073
7417,0.5097578326722748
7418,0.5097578326722748
7419,0.5507065691257423
7420,0.5654664017425169
7422,0.48214244958747016
7424,0.5051738232276215
7425,0.5218765019753665
7426,0.484747637693815
7427,0.4937311881709252
7428,0.5727581994329529
7429,0.5344680152016524
7430,0.4793934636350494
7431,0.5248216830257141
7432,0.5437803943922583
7433,0.5022204993004133
7434,0.493072958986681
7435,0.32774557751617117
7436,0.32774557751617117
7437,0.5466890505592523
7438,0.5151323020737174
7439,0.5151323020737174
7440,0.5154981830619912
7441,0.4737915108051737
7442,0.5989679934935056
7443,0.5989679934935056
7444,0.5989679934935056
7445,0.598438262815472
7446,0.4597272595227084
7447,0.3361794167837655
7448,0.48912794144446076
7450,0.5044928272384808
7451,0.5333692241788821
7452,0.5647683443032511
7453,0.4756493050014998
7454,0.4707510577597332
7455,0.5126786099438372
7456,0.5520457930848561
7457,0.5140726098346671
7458,0.5710481931641316
7459,0.512372959867939
7460,0.5321962131210491
7461,0.41761278151131187
7462,0.47788659504039516
7464,0.46760201054832695
7465,0.4589117508988885
7467,0.5111202644477134
7468,0.5421692374243733
7469,0.5782019032038938
7470,0.5421692374243733
7471,0.5155532071617602
7473,0.316476926123443
7474,0.5024734896562156
7475,0.4836887974770837
7478,0.5517569095674304
7479,0.5421494159410032
7480,0.4869878339162287
7481,0.494952213935883
7482,0.494952213935883
7483,0.5182899705333811
7484,0.5197312550903284
7486,0.5158851385598968
7487,0.5144430095783652
7488,0.5435838417950127
7489,0.5767137127984407
7490,0.4808073657117921
7491,0.4995851364319186
7492,0.47699446945295165
7493,0.5140726098346671
7494,0.4775867660953833
7496,0.32901686103771066
7497,0.3168757527229412
7498,0.494952213935883
7499,0.491316034740028
7500,0.4752875333029576
7501,0.5018765040116278
7502,0.5620842974971705
7503,0.4736146060898029
7504,0.46808091984043193
7505,0.48118020188369304
7506,0.53319474240273
7507,0.5766267740712718
7508,0.5666617895972819
7509,0.5264857577054125
7510,0.46862851281053514
7511,0.5706929861951681
7512,0.5071593611498445
7513,0.5250873921480268
7514,0.5222915228384039
7515,0.4790532195809716
7516,0.5621899165094573
7517,0.461721222186343
7518,0.46347261742781015
7519,0.5114872851490292
7520,0.5505290243996473
7521,0.30175169467500645
7522,0.30175169467500645
7523,0.5214774850506378
7524,0.5214774850506378
7525,0.5158851385598968
7526,0.3744987287933613
7527,0.5158851385598968
7528,0.5158851385598968
7532,0.5197312550903284
7533,0.3468217088380096
7535,0.5032013073701075
7536,0.5222630408575576
7537,0.5106339389409934
7538,0.34912248405998425
7539,0.5017535862414078
7540,0.49864874943250187
7541,0.2956868829010048
7542,0.4406884820017462
7543,0.5374536188903157
7544,0.5423875040062979
7545,0.5028469161083312
7546,0.4869984960149089
7547,0.5123575896459267
7548,0.5131550720044813
7549,0.43462060697346583
7551,0.5554349334088979
7552,0.47710085112690004
7553,0.5270600655069084
7554,0.4715952378441703
7555,0.5875988644780711
7556,0.48912794144446076
7557,0.45842379765703567
7558,0.48971713439998105
7559,0.5636483460535333
7560,0.4570237390278335
7561,0.5425344646144118
7562,0.5284994144969666
7563,0.5482190089550054
7564,0.4746105602694359
7565,0.4943954312773588
7566,0.49710748116137243
7567,0.511200271917356
7568,0.511200271917356
7569,0.5182899705333811
7570,0.5543899169407698
7571,0.5989679934935056
7572,0.5989679934935056
7574,0.46729784344102426
7575,0.542516327247393
7577,0.5613139901123475
7578,0.47204630975646117
7579,0.5081286461942367
7580,0.48375093848453765
7581,0.4417544169580394
7582,0.5031741960785711
7583,0.4943294147441941
7584,0.4923670950155887
7585,0.5999004512052415
7586,0.5407766083782912
7587,0.32231896646149316
7588,0.4667459785233792
7589,0.5026840020416933
7590,0.4698786994765483
7591,0.31263040677860676
7592,0.325513605123859
7593,0.32026325770329767
7594,0.4732865146157163
7595,0.44723043845982724
7596,0.4748959754869664
7597,0.338123690024149
7601,0.5375424299251658
7602,0.46015303114358785
7603,0.5703149472664555
7604,0.5071448065464323
7605,0.5080896452243557
7606,0.5163568126925974
7608,0.47967325008838213
7609,0.48234537472070366
7610,0.4841567861885123
7611,0.5262689619733549
7612,0.5073588503956782
7613,0.5091522716234443
7614,0.3025356931402061
7615,0.5494859471575266
7616,0.5040543385310239
7617,0.491099232785365
7618,0.4976831420138657
7619,0.5657730563282303
7620,0.4729916429198545
7621,0.48901487684946926
7622,0.4945063236442701
7624,0.5569275992356675
7625,0.49030596411790023
7626,0.5264757686136626
7627,0.4770572030955845
7628,0.2836138451719965
7629,0.5422400321017217
7630,0.48579811992176847
7631,0.47479033304759977
7632,0.5398013127006691
7633,0.5530790069477532
7634,0.46380220857521276
7635,0.3300175934490226
7636,0.44022565400111335
7637,0.44022565400111335
7638,0.4917394867925599
7639,0.5982961180193278
7640,0.5295192081278263
7641,0.5215153069186571
7644,0.46469811311211945
7645,0.4973757446778151
7646,0.4973757446778151
7647,0.45840167702915025
7648,0.5161191673087376
7649,0.4491985608081638
7650,0.48189125175057457
7651,0.4890474019011919
7652,0.5054970733319059
7653,0.5054970733319059
7654,0.5054970733319059
7655,0.5407766083782912
7657,0.5438015599783251
7659,0.342307473991304
7660,0.4937626101610668
7661,0.4965667169624135
7662,0.5217297203223623
7663,0.31445946894694066
7664,0.5381633299859923
7665,0.47595086323967084
7666,0.47595086323967084
7667,0.5004888098235627
7668,0.4945803526843583
7669,0.29680438887340327
7671,0.5471431891177434
7672,0.49202843906164556
7673,0.4694834693879334
7674,0.47719100384140156
7675,0.5423875040062979
7676,0.5396167740229003
7677,0.5436784053966094
7678,0.4670921674407377
7679,0.44711370680708407
7680,0.33706992440410116
7682,0.4915613220636092
7684,0.481633844927149
7685,0.5426092566292048
7686,0.5999004512052415
7687,0.504106894519334
7688,0.4490039330182799
7689,0.4942170184417349
7690,0.49347159224634846
7691,0.47785179603325195
7692,0.48970943850235865
7693,0.5143294731267275
7694,0.4508078584214821
7695,0.5284223261084237
7696,0.5436511865289994
7697,0.49838454738756344
7698,0.5842244130289765
7699,0.5570834557823136
7700,0.49962416938599225
7701,0.34127726322469204
7703,0.49357008266861413
7704,0.48826006648098136
7705,0.508898355657658
7706,0.5274999087439121
7707,0.5196455041004311
7709,0.28212594978121497
7710,0.5385728497570488
7711,0.5256251096541442
7712,0.5122650479039041
7713,0.5412366611309258
7714,0.46334918139505754
7715,0.4570237390278335
7716,0.34890765865744866
7717,0.4915889196276735
7718,0.4904324880290123
7719,0.48065002977482263
7720,0.4842427513951397
7721,0.4850658240959015
7722,0.48065002977482263
7723,0.47368851289002833
7724,0.4850658240959015
7725,0.47368851289002833
7726,0.47368851289002833
7727,0.4780986837035413
7728,0.32286189584998126
7729,0.4890474019011919
7730,0.546462295882217
7731,0.4841567861885123
7732,0.3309731321045497
7733,0.37624973653037763
7734,0.5770487283523277
7735,0.5770487283523277
7736,0.5869036586885508
7737,0.31715165711156257
7738,0.5064281869509643
7739,0.4479545392198049
7742,0.5129296548247637
7743,0.5604692664161733
7744,0.5697749564062027
7745,0.5974646263667831
7746,0.5574706747443557
7747,0.4933645237760653
7748,0.49932164990024425
7749,0.4742348223745336
7750,0.5467553979446236
7751,0.48118020188369304
7752,0.32507639538691735
7753,0.29951197270620644
7754,0.5536183265227934
7755,0.5114486375448035
7756,0.4953148242369862
7757,0.48058528487909374
7758,0.5180962909438469
7759,0.5730913971383363
7760,0.5257759189840258
7761,0.44033801932281547
7762,0.5257759189840258
7763,0.5987686988609892
7765,0.31234214971714647
7766,0.48639331635326294
7767,0.2881763401159236
7768,0.49094312566110815
7769,0.5161191673087376
7770,0.540880989636373
7771,0.46084707272181
7772,0.30920850174447717
7774,0.4992741129978824
7775,0.5543955473425635
7776,0.3242324634589482
7777,0.2852627458663191
7778,0.333562908242689
7779,0.5989679934935056
7780,0.5543955473425635
7781,0.47121470593272774
7782,0.48173860694281617
7783,0.31829211848719297
7784,0.5420218652463146
7785,0.5643008142416633
7786,0.5514385383787084
7787,0.30316130361603744
7788,0.30316130361603744
7789,0.5202326418346427
7790,0.5305857758763994
7791,0.4708068414871611
7792,0.45168858811552376
7793,0.4752836970279717
7794,0.31747274263670944
7795,0.28220237402835496
7796,0.49030596411790023
7797,0.470359887073741
7798,0.4917197037483495
7799,0.45768231288575933
7800,0.4622060969496203
7801,0.469407084535478
7802,0.5420521042606405
7803,0.47719100384140156
7804,0.4544779514779229
7805,0.32008709029619464
7806,0.5531055129128875
7807,0.46674885564275287
7808,0.47545351204821534
7809,0.3091267142837298
7810,0.48158101189453584
7811,0.4626022169847717
7812,0.33349565198270764
7813,0.33264323629863557
7814,0.49190114391767226
7816,0.47967325008838213
7817,0.4661779362099984
7818,0.47802228747314307
7819,0.4806356958297707
7820,0.47596883628711695
7821,0.4701182553930727
7825,0.5258774974113634
7826,0.4791410404506328
7827,0.4193619448632789
7828,0.5989679934935056
7829,0.5989679934935056
7830,0.500339866767215
7831,0.500339866767215
7832,0.4666268950693067
7833,0.4666268950693067
7834,0.33223987868735955
7835,0.5379640227349457
7838,0.5148199300667825
7840,0.31619517228553096
7841,0.5541043111711086
7842,0.5111563118716146
7843,0.44653590104023
7844,0.49030596411790023
7846,0.49328412224844953
7847,0.3002374690249148
7848,0.5775316794211623
7849,0.4514945018432397
7850,0.4834444279811426
7851,0.4508172729254796
7852,0.4893511714372703
7853,0.5520915062469582
7854,0.46909142178918317
7855,0.46476226826788275
7856,0.4748959754869664
7857,0.5501611323477142
7858,0.48742230798382397
7859,0.29774793883658685
7860,0.32852613325971547
7861,0.4700802845573527
7862,0.3899635419598167
7863,0.4687561844954474
7865,0.476883749887683
7866,0.28331930285568097
7867,0.4759893467802588
7868,0.47941168489885416
7869,0.5271510251577083
7870,0.484734746185987
7871,0.46380595314709616
7872,0.5977861930914276
7873,0.5190846405927283
7874,0.5994845131546755
7875,0.5787847480097538
7876,0.5630493088055388
7877,0.4622192127925017
7878,0.575253479292986
7879,0.4707510577597332
7880,0.47525771909493086
7881,0.47780287671225247
7882,0.5431054179147875
7883,0.5680722194622829
7884,0.4531489929039596
7885,0.4580023190695277
7887,0.478116957852271
7888,0.30562456664461596
7889,0.5394760059963424
7891,0.5663780344177415
7892,0.5596861180600882
7893,0.4067627306955821
7894,0.2982339020761687
7895,0.4691798017008689
7896,0.5302143660255073
7898,0.480446442927787
7899,0.5730913971383363
7900,0.5690180035984032
7901,0.5151323020737174
7902,0.5151323020737174
7903,0.3573372633285495
7904,0.5231371068903607
7905,0.28425127630416064
7906,0.3229864142924934
7907,0.29989527201839083
7908,0.29989527201839083
7909,0.35552998518623596
7910,0.290966749352939
7912,0.5999004512052415
7913,0.5081709333927131
7915,0.4617337638345168
7916,0.5423507733520475
7917,0.5534584195296327
7918,0.4888030043009059
7920,0.5454505413156795
7921,0.4841567861885123
7922,0.5040254379435689
7923,0.5034150056327497
7924,0.540880989636373
7925,0.3848910486133548
7926,0.31456444358354396
7927,0.4503365046037304
7928,0.48224948808699036
7929,0.361483497858545
7930,0.5435838417950127
7931,0.5541043111711086
7933,0.5010048913176098
7935,0.4581767059817003
7936,0.5883867276982024
7937,0.5278299851329937
7938,0.515355904152637
7939,0.544996440274028
7940,0.5422400321017217
7941,0.31843477272906817
7942,0.4711131985325342
7944,0.5883867276982024
7945,0.31968538324059115
7946,0.4726365188138245
7947,0.3147806958688181
7948,0.5573624716753092
7949,0.5365701697857492
7950,0.34127726322469204
7951,0.45046123109575154
7952,0.39095840513495167
7953,0.5616820851827784
7954,0.46394367964595623
7955,0.3325063668292124
7956,0.3592994793543598
7957,0.5098571719977166
7958,0.5064932451218563
7959,0.32862637001989253
7960,0.322827790859282
7961,0.3358859588102184
7962,0.5451243381952622
7963,0.4839325078999326
7964,0.5666172050131101
7965,0.3116150401338931
7966,0.5420521042606405
7968,0.4556340862230049
7969,0.5928655275844885
7970,0.4733464326517579
7971,0.5989679934935056
7972,0.5989679934935056
7973,0.5989679934935056
7974,0.5988777379649217
7975,0.33429634923873996
7976,0.47447004108963314
7977,0.48560698878903324
7978,0.5067163352936246
7979,0.4575975484594459
7980,0.3177983421351789
7981,0.5646405829893053
7982,0.3884866840577979
7983,0.559853848884187
7989,0.5567205898834815
7990,0.5127436640335696
7991,0.5671152001583752
7992,0.5782556037010748
7993,0.4864136194113288
7994,0.30687648950493074
7995,0.5529719133507898
7996,0.2919430653781378
7997,0.4985083835720893
7998,0.4708905108135907
7999,0.47623423545374377
8000,0.47623423545374377
8001,0.3383945778497869
8002,0.48509388294750366
8003,0.44882449095770566
8004,0.40476843693384557
8005,0.512372959867939
8006,0.5660971517834733
8007,0.5610980960564181
8008,0.5505692450705765
8010,0.5050985193824657
8011,0.5209475257500478
8012,0.5883867276982024
8013,0.488960484468495
8014,0.4508172729254796
8015,0.46647203616165683
8016,0.4320493752130794
8017,0.4859693404611775
8018,0.35140328390054787
8019,0.5697931338694148
8021,0.553718039464472
8022,0.35068708610872373
8024,0.5453300439888693
8027,0.5091231601166837
8028,0.3422427352342054
8030,0.598438262815472
8031,0.5377668497805772
8033,0.5710481931641316
8035,0.5406137676251017
8036,0.4975647888019438
8037,0.5680722194622829
8038,0.3280056105020363
8039,0.46127643772523474
8040,0.5242511531344993
8041,0.5503452655351511
8043,0.4729916429198545
8044,0.3189692165082083
8045,0.490135096778507
8046,0.5501822305596236
8047,0.47259289062705706
8048,0.2803731506845476
8049,0.31234214971714647
8051,0.45935685833014683
8052,0.2881763401159236
8053,0.5006454462020069
8054,0.4827075764787335
8056,0.38975862371552017
8057,0.32730910388681567
8058,0.45768231288575933
8059,0.43352109862521604
8060,0.55999391314381
8061,0.3261972132927851
8062,0.4845105335437071
8063,0.4915619404857811
8064,0.4322750555707888
8065,0.2848553538606082
8067,0.5169135813953694
8068,0.3323799359049385
8069,0.4846390781964069
8070,0.5314652366166231
8072,0.5584539587654374
8073,0.512673325399612
8074,0.48559883938059223
8076,0.3012899108612868
8077,0.452111113938298
8078,0.5078949898375588
8079,0.5039717162542565
8080,0.49495187693358655
8081,0.5403529347082726
8082,0.4823472257277067
8083,0.5615323562513272
8085,0.5524419179353521
8088,0.5977861930914274
8089,0.6003833431014021
8090,0.344466966837178
8092,0.3509233768484152
8093,0.5077661024468838
8094,0.5077661024468838
8095,0.49449052822501166
8096,0.34538960522136225
8098,0.5250285087858524
8099,0.5481708277178057
8100,0.3458835500085231
8101,0.5302250375755202
8102,0.5745454831497796
8103,0.5666172050131101
8104,0.5680722194622829
8105,0.5596861180600882
8106,0.5596861180600882
8107,0.47874920454481273
8108,0.4766698237077936
8109,0.31915534553032127
8110,0.3187088440111914
8111,0.5551022996370405
8112,0.5028469161083312
8113,0.5493178101558219
8114,0.45331258024861787
8115,0.47906852243551856
8116,0.5174520438698907
8117,0.5075007513214558
8118,0.5010027389890888
8119,0.498255215995358
8120,0.5080735077035524
8121,0.5057410369020061
8122,0.32821374541225545
8123,0.3238666765434886
8125,0.5440434534417706
8127,0.4997736264640539
8128,0.4748959754869664
8129,0.4471719932598348
8130,0.491316034740028
8131,0.5653563058378412
8132,0.47340135739510475
8133,0.4503052225870405
8134,0.48592375154476997
8135,0.5727228338993203
8136,0.5971231618658869
8138,0.4043168385259701
8140,0.5706929861951681
8141,0.4588203543595705
8142,0.5989679934935056
8144,0.5683476778511966
8145,0.507406481580376
8146,0.5236987903846355
8149,0.5630493088055388
8150,0.5630493088055388
8151,0.49115402513000556
8154,0.28327355048501146
8155,0.4970334501357665
8156,0.5639422009960632
8157,0.5496791913258887
8158,0.3272666949776711
8159,0.5698012935380171
8160,0.5244312403872032
8161,0.575253479292986
8162,0.4808089108339717
8163,0.5713986396290835
8164,0.5435838417950127
8165,0.32629266723661465
8166,0.3254048332023483
8167,0.48868905013320296
8168,0.5604692664161733
8169,0.5135352551083086
8170,0.4541887327284485
8172,0.3459959129606917
8173,0.34538960522136225
8174,0.5615904322612139
8175,0.5092703418239212
8177,0.35103008127090973
8182,0.5468371874226452
8183,0.555023456598688
8184,0.4741310916104272
8185,0.474326276091534
8187,0.507361138990184
8188,0.5022201920036442
8189,0.3297380179908004
8191,0.2952940998225364
8192,0.45974686575020457
8193,0.5256895384511411
8194,0.45858323201593293
8195,0.471861823836232
8196,0.4600171244645352
8197,0.5370709503623996
8198,0.5671152001583752
8199,0.33056970489424176
8200,0.34538960522136225
8201,0.46600905922694275
8202,0.4998982595293855
8203,0.6326194123100003
8204,0.598438262815472
8205,0.5529719133507898
8207,0.5883867276982024
8208,0.5009176873018227
8209,0.43672821894294106
8210,0.5195064313336991
8211,0.5026840020416933
8212,0.3096763716014814
8213,0.4351708496087497
8214,0.33335843356074607
8215,0.3244411400114833
8216,0.33621242036771715
8218,0.5541043111711086
8219,0.4802890702909014
8220,0.5819378666317364
8223,0.48136891036159124
8224,0.507361138990184
8225,0.3186303316795855
8228,0.5698012935380171
8229,0.342307473991304
8232,0.5019111489513833
8233,0.5577456133704455
8236,0.3465815200850262
8237,0.481633844927149
8238,0.471538676825138
8239,0.5989679934935056
8240,0.5977215840765812
8241,0.5049356415723623
8242,0.5509872574927044
8243,0.559853848884187
8246,0.46056795970611786
8247,0.5330550110353747
8248,0.5517569095674304
8249,0.4839674698551553
8250,0.290966749352939
8251,0.5989679934935056
8252,0.5989679934935056
8253,0.5988777379649217
8254,0.5989679934935056
8255,0.5487677580167093
8258,0.5365390941636654
8259,0.5134405020257496
8260,0.5989679934935056
8261,0.2976929027545428
8262,0.4756493050014998
8263,0.5819378666317364
8264,0.32661350964248287
8265,0.33223987868735955
8267,0.5978249585003355
8268,0.48947408786115504
8269,0.5415130498184993
8270,0.48856356892120034
8271,0.38351634856175565
8272,0.5573601146177588
8273,0.5698012935380171
8274,0.28597859950851895
8275,0.5710481931641316
8276,0.5155532071617602
8277,0.5433380150534974
8278,0.5036556755517438
8279,0.5110414710500806
8280,0.3231310653355047
8281,0.5655309418954708
8282,0.5417105765160353
8283,0.41646134376403987
8284,0.5436511865289994
8285,0.5414880880295383
8286,0.5996876014073773
8287,0.5422400321017217
8288,0.48234537472070366
8289,0.5415386852997977
8290,0.5386624498665028
8291,0.31434449372751144
8292,0.3126913583174558
8293,0.448879804508049
8294,0.447758585653456
8295,0.5472962504104614
8296,0.5286064157890097
8297,0.5085654546288555
8298,0.47639936826540763
8299,0.47676121730268006
8301,0.5102030633909732
8302,0.48949961769393396
8305,0.43244783305937207
8306,0.3311915696911263
8308,0.4841567861885123
8310,0.43929453016056863
8311,0.491316034740028
8312,0.4645041410410328
8313,0.49617620550152164
8315,0.4635433145655728
8316,0.48136891036159124
8318,0.34846381128209314
8319,0.34846381128209314
8320,0.3803524673975146
8321,0.3175826515161996
8322,0.5436511865289994
8324,0.48086612085999003
8325,0.5472418294868062
8326,0.5182899705333811
8327,0.5144430095783652
8328,0.5144430095783652
8329,0.5144430095783652
8332,0.3348096908769203
8334,0.3348096908769203
8335,0.3348096908769203
8337,0.3023155866350385
8338,0.3023155866350385
8339,0.5500916325316692
8340,0.5989679934935056
8341,0.4858202881626977
8342,0.4667459785233792
8343,0.5570009105968706
8345,0.5308055500712082
8347,0.5797248004745237
8349,0.4712951713028329
8350,0.5256755889191358
8351,0.5883867276982024
8352,0.4724390110684311
8354,0.5989679934935056
8355,0.598438262815472
8356,0.5989679934935056
8357,0.5590529960134318
8358,0.5209475257500478
8359,0.4280750842055162
8360,0.4179600005427186
8363,0.5547170747894948
8364,0.3215132555929956
8365,0.37512106371644166
8366,0.447758585653456
8367,0.5567306930916645
8368,0.5204837174909938
8369,0.5499355999054075
8371,0.5544718289001013
8372,0.48000897536629455
8373,0.514111020687005
8374,0.5051374589478526
8375,0.30911475585509185
8379,0.5524419179353521
8380,0.5630493088055388
8382,0.5067861513021541
8383,0.5531055129128875
8384,0.4071271902999595
8385,0.5264761005749405
8387,0.595662950240341
8388,0.5893035027469261
8389,0.5333143925336961
8390,0.48560698878903324
8391,0.293102310681424
8392,0.3151538830305611
8393,0.5643008142416633
8394,0.3532920119781288
8395,0.5047500702426788
8397,0.4875920818572777
8398,0.5332285087668878
8399,0.3490566864424831
8400,0.5048584230503136
8401,0.37317095035774966
8402,0.5593490260224439
8403,0.552489266827612
8404,0.5541043111711086
8405,0.5250144528292827
8406,0.5489078065544621
8407,0.30063298068482697
8408,0.34774575581723643
8409,0.47828454331810294
8410,0.5593490260224439
8411,0.5460647626996431
8412,0.55850930884287
8413,0.5360264199415006
8414,0.5604692664161733
8415,0.4784845963740907
8416,0.41631069102840945
8418,0.5630493088055388
8419,0.5077430053177329
8421,0.5793414901209434
8422,0.47435580588519444
8424,0.5987686988609892
8426,0.5300564377289634
8427,0.40526940506999826
8428,0.5503037650593048
8429,0.5508157256876807
8431,0.5241649009089043
8434,0.5382871689882573
8436,0.47838857014558045
8437,0.5465862198991934
8438,0.4452080672090333
8439,0.6003833431014021
8440,0.5883867276982024
8441,0.47890752989889523
8443,0.5604692664161733
8444,0.5287822127220891
8445,0.5439804954530892
8448,0.30167501570228983
8453,0.3257475492338843
8454,0.3435206831898892
8459,0.47002764938976693
8461,0.5544718289001013
8462,0.4840853565210324
8463,0.5914308159328426
8464,0.5713588031994493
8465,0.4793955154561528
8467,0.5534424070850877
8469,0.3400641756283034
8471,0.5420521042606405
8472,0.5420521042606405
8473,0.47967325008838213
8474,0.33392489201762005
8475,0.5144430095783652
8477,0.4752875333029576
8478,0.5233674326044124
8479,0.5233674326044124
8480,0.4675822895510428
8482,0.559757862535972
8483,0.45406991769185906
8484,0.45406991769185906
8485,0.3644601028836944
8486,0.49420428921630977
8487,0.35372193023849513
8489,0.3087790001405747
8495,0.33056970489424176
8496,0.5591876805091623
8501,0.5052432047011282
8503,0.5414880880295383
8505,0.5892547309198944
8506,0.5783612633792254
8507,0.565713411360994
8508,0.5525200316071256
8509,0.5487677580167093
8510,0.5214069470359998
8511,0.5543955473425635
8512,0.49416655979171487
8513,0.4218860738137602
8514,0.47802228747314307
8515,0.5517569095674304
8516,0.5709949606116879
8517,0.5521732107702375
8518,0.4933645237760653
8519,0.5962363996709482
8520,0.4785157095173532
8521,0.5421494159410032
8523,0.5630493088055388
8529,0.34938197534179916
8531,0.5544718289001013
8532,0.5604692664161733
8533,0.5604692664161733
8534,0.48560698878903324
8535,0.3697853877304479
8536,0.5671152001583752
8537,0.5529719133507898
8538,0.5259275240572069
8539,0.35568145979319454
8540,0.3263780632891638
8542,0.5642473833015277
8544,0.5914121879130716
8545,0.4945803526843583
8546,0.491316034740028
8547,0.48234537472070366
8548,0.5435838417950127
8551,0.5377125053996763
8552,0.49658514251185687
8553,0.5459992082288944
8554,0.4437015803469738
8555,0.34305131953976137
8556,0.33125597194943823
8559,0.4612676009222856
8560,0.541096211511672
8562,0.4929522804764293
8563,0.49295228047642936
8564,0.6003833431014021
8565,0.5610715882892228
8566,0.5819378666317364
8567,0.4752875333029576
8568,0.4980411595394711
8569,0.48712795955415183
8571,0.5420521042606405
8572,0.5411644894808968
8573,0.49173212390563936
8575,0.3148342097828126
8576,0.48414944757134837
8577,0.561112664801577
8578,0.5171571010818999
8579,0.520806538328846
8580,0.3031674392979773
8581,0.32463534669671307
8582,0.3225272732909188
8583,0.49557638190747816
8585,0.5406348452900676
8586,0.470359887073741
8587,0.512372959867939
8588,0.5699637877345235
8589,0.4770413913218821
8590,0.3283926094745701
8591,0.34314761974715763
8592,0.44920351856746277
8593,0.3276547038048331
8594,0.5480062809217293
8597,0.5989679934935056
8598,0.5989679934935056
8599,0.5989679934935056
8600,0.5496791913258887
8601,0.5529719133507898
8602,0.538134392801206
8603,0.5989679934935056
8605,0.46714612422198454
8606,0.47219973369979257
8607,0.4687561844954474
8608,0.47219973369979257
8609,0.48006430202965084
8610,0.47169055401902915
8611,0.4621090478146297
8612,0.47542921720291426
8613,0.47495465770145207
8615,0.33859475498138614
8616,0.473041015828647
8617,0.5433904814167496
8618,0.5209645478011725
8619,0.561112664801577
8620,0.5604692664161733
8621,0.5614801158902767
8622,0.3256389903087075
8623,0.4810784646917565
8624,0.4536778274929519
8625,0.4538717532402866
8626,0.3738150960194781
8627,0.46628319140092667
8628,0.5541043111711086
8629,0.5928655275844885
8632,0.3497301522350418
8633,0.5235649193500094
8634,0.47281654636404663
8635,0.4932817571960568
8637,0.46654296958522523
8638,0.4636502205497932
8639,0.49120296227099053
8640,0.4930380919692873
8641,0.32091036097169345
8642,0.4452080672090333
8643,0.31563678776267795
8644,0.31563678776267795
8646,0.5326860751938938
8647,0.5358935946014206
8648,0.533283271800266
8649,0.5379894818151513
8650,0.44431324631018104
8651,0.6006910194572136
8652,0.5454505413156795
8653,0.49092235608400103
8654,0.44711370680708407
8655,0.47959462554763754
8656,0.5474544167462903
8657,0.5453232601918226
8660,0.5706658373309568
8661,0.5619471734921078
8663,0.5642473833015277
8666,0.5541043111711086
8667,0.5480062809217293
8668,0.5454540390890744
8669,0.3319052170474515
8670,0.5860260137549431
8671,0.31673457645503855
8673,0.3409241928748498
8674,0.35427324563914797
8675,0.35427324563914797
8676,0.3997261477073917
8677,0.5344787200468664
8678,0.29816330056979107
8679,0.5492875897110757
8681,0.5292900648294169
8682,0.3699697949380541
8683,0.5509919196513254
8684,0.5159502465766092
8685,0.31023902886449506
8686,0.316844863057435
8687,0.31816780127244426
8688,0.4915619404857811
8689,0.4926624467807617
8690,0.2905487812209016
8691,0.35427324563914797
8692,0.35427324563914797
8693,0.35427324563914797
8694,0.5680722194622829
8695,0.46433454661686324
8696,0.29925470077517313
8697,0.4282315820050658
8698,0.45606953733859945
8699,0.4876928097444775
8700,0.49972439777656225
8701,0.5648281275922147
8702,0.5774825057599721
8703,0.49972439777656225
8707,0.4657608746986753
8710,0.39955313106769524
8711,0.5421692374243733
8712,0.34565661548552823
8714,0.3016683465436873
8715,0.5472252504853946
8716,0.5571069682081311
8717,0.49151430924299355
8718,0.5714972726443495
8719,0.33223987868735955
8720,0.3739206537910439
8721,0.5098697020831758
8722,0.48603506882367187
8723,0.4841567861885123
8724,0.47202359026969
8725,0.5444073115456604
8726,0.5784104032524091
8727,0.507361138990184
8728,0.44136566658197907
8729,0.5417801336822355
8730,0.4785455417186114
8731,0.3520539425526656
8732,0.443339813667806
8733,0.299203406263134
8735,0.5094967884421427
8736,0.5152219588385608
8738,0.5698012935380171
8739,0.5050985193824657
8740,0.4655236203612832
8741,0.5077372210300491
8742,0.33575031847999315
8743,0.3359696621945417
8744,0.5707338511867124
8745,0.3244826496081989
8746,0.27848173103596685
8747,0.372190144720071
8750,0.40793743430793916
8751,0.4273912360515678
8752,0.3471803398645878
8753,0.5242792849970901
8754,0.4895711010535741
8755,0.48563395445696866
8756,0.5637566062973787
8757,0.36824494343048164
8758,0.47754743360781476
8759,0.5590140751244413
8761,0.567952327199772
8762,0.36785906372842037
8763,0.4809806502876983
8768,0.48795052272282086
8770,0.48145021469193516
8771,0.4702500965167381
8772,0.5521095205309194
8773,0.5412366611309258
8774,0.46836809582854083
8775,0.5710481931641316
8777,0.5406348452900676
8778,0.5642473833015277
8779,0.5409425486476912
8780,0.4813696335757901
8781,0.48259865059350104
8782,0.471861823836232
8783,0.31563678776267795
8784,0.509492815280489
8785,0.5407766083782912
8786,0.5412366611309258
8787,0.5579879500105248
8789,0.56577728431399
8790,0.4923321910488398
8791,0.31123758429036624
8792,0.4633771514935259
8793,0.5420984420187707
8794,0.5411644894808968
8795,0.5480062809217293
8796,0.5529719133507898
8797,0.49366953357502985
8798,0.5779658187263358
8800,0.5435838417950127
8801,0.5217694727017879
8802,0.5041508527992661
8803,0.4944598860006547
8804,0.5504633287555138
8805,0.4841567861885123
8806,0.47297768990123795
8807,0.5151323020737174
8809,0.48036304965420373
8810,0.5541043111711086
8811,0.5155532071617602
8812,0.5196455041004311
8813,0.37012951979826914
8816,0.4891542755404323
8817,0.47806341109296974
8818,0.5406348452900676
8820,0.48971688355581805
8821,0.45828683236494905
8824,0.5543955473425635
8825,0.5641319569380538
8826,0.5386624498665028
8827,0.514111020687005
8828,0.5151323020737174
8829,0.5151323020737174
8832,0.4749566373068323
8833,0.33295033378485217
8835,0.5613139901123475
8836,0.38457576199252536
8837,0.5652215429608152
8838,0.5459992082288944
8839,0.5039916922349544
8840,0.49986618588037585
8841,0.35999093344060545
8842,0.5541043111711086
8843,0.33314550595548875
8846,0.37264975912633047
8848,0.5709949606116879
8849,0.47615255038857485
8850,0.514111020687005
8851,0.46210149395823696
8852,0.5114486375448035
8853,0.419307310832346
8854,0.541096211511672
8855,0.4841567861885123
8856,0.5406348452900676
8857,0.3651381648991421
8858,0.33745856103084715
8859,0.538134392801206
8860,0.5818084532828459
8861,0.57516564641278
8862,0.33967880788601
8863,0.329642979781636
8864,0.5529719133507898
8865,0.5604692664161733
8866,0.5391708068965498
8867,0.5483195701398572
8868,0.5169836841742603
8869,0.4974312966876477
8871,0.5630493088055388
8872,0.5666172050131101
8874,0.49658514251185687
8875,0.5503452655351511
8876,0.5375747740113661
8877,0.4422653383480089
8879,0.4814020205384563
8880,0.5098571719977166
8881,0.4462070348185186
8882,0.33575031847999315
8884,0.5596377999864621
8885,0.45730982099839645
8887,0.3421651280243785
8889,0.5511438585336461
8890,0.4461491334926084
8891,0.5258774974113634
8892,0.34314074161926317
8893,0.33138879655103426
8894,0.33138879655103426
8895,0.3231310653355047
8897,0.342307473991304
8898,0.5541043111711086
8899,0.541096211511672
8900,0.5487647197340404
8902,0.48560698878903324
8903,0.5270142383681378
8904,0.5656230543513893
8906,0.5565437138344806
8907,0.5724487108305167
8908,0.47806341109296974
8909,0.5368492386140141
8912,0.5305218623255807
8913,0.4719299543289659
8916,0.5433021547321827
8917,0.4719299543289659
8920,0.4672067226996619
8921,0.32878559087791254
8922,0.49907683461187374
8923,0.514111020687005
8924,0.32417166250800017
8926,0.5710481931641316
8928,0.28485124183707783
8929,0.46264512246758754
8930,0.5351839530381945
8934,0.5417801336822355
8935,0.4499980456737694
8936,0.5883867276982024
8937,0.4698054898581691
8938,0.5506047384298167
8939,0.5532405281621569
8940,0.4748959754869664
8941,0.5197446387452673
8942,0.501717843392024
8944,0.5411644894808968
8945,0.4980643307035189
8950,0.4452080672090333
8951,0.5039717162542565
8952,0.5039717162542565
8953,0.5039717162542565
8954,0.5039717162542565
8955,0.5039717162542565
8956,0.5039717162542565
8957,0.47815374574124203
8959,0.5163419615770666
8960,0.5129296548247637
8961,0.41611860803255685
8962,0.5538586087253359
8963,0.4908881031972955
8964,0.5565437138344806
8965,0.5042648739009936
8966,0.49648383962266013
8968,0.5709949606116879
8969,0.5614801158902767
8970,0.5407766083782912
8971,0.49393267068497276
8972,0.5442489614847833
8974,0.5499771399245253
8975,0.5638197443227076
8981,0.4769100973296305
8982,0.46941536661305916
8983,0.4536121978828004
8984,0.4769100973296305
8985,0.4659857464821514
8986,0.5453300439888693
8988,0.4821324234691533
8989,0.44750187935165214
8990,0.555023456598688
8991,0.4437015803469739
8992,0.5020428748877773
8994,0.4558090908972317
8995,0.5323326508091442
8998,0.33575031847999315
9000,0.5524419179353521
9001,0.5589449552161366
9002,0.5630493088055388
9003,0.5703149472664555
9004,0.5541043111711086
9005,0.5406348452900676
9008,0.5339007282540691
9009,0.4718474031727714
9012,0.4444756919856457
9013,0.48971713439998105
9014,0.5465862198991934
9015,0.33109162647945883
9020,0.48448039016098976
9025,0.5614801158902767
9026,0.5302250375755202
9028,0.37075379221547067
9030,0.36198681185853643
9033,0.5669770999920716
9034,0.35552998518623596
9035,0.28597859950851895
9037,0.3250948489294809
9038,0.5382871689882573
9039,0.5420521042606405
9040,0.560974691153225
9041,0.41646134376403987
9042,0.5440434534417706
9043,0.5205373946924372
9044,0.5020055334372473
9045,0.5128912390673638
9046,0.3261347580060726
9047,0.4663224937082736
9048,0.29888215528236356
9049,0.2745357701528419
9050,0.48365189875004944
9051,0.4749553657662802
9052,0.4806651848663629
9054,0.30579598867473684
9055,0.500092203815121
9056,0.3196497133794893
9058,0.5839635974456395
9059,0.4246313812116091
9060,0.5987990533025336
9062,0.3159283661177482
9064,0.4809806502876983
9067,0.5257759189840258
9068,0.3800055176262332
9069,0.3335276305430656
9070,0.5020088626580723
9072,0.3023155866350385
9073,0.3023155866350385
9076,0.5622631942327208
9077,0.3525183447544614
9078,0.521614791308823
9079,0.3201977872250089
9080,0.3201977872250089
9081,0.47489431056409326
9082,0.46725650126166934
9083,0.5759927051187548
9084,0.5971231618658869
9086,0.4116969821356179
9087,0.5730913971383363
9088,0.5502786610159729
9089,0.5608356959167414
9091,0.5001746441675016
9092,0.32040140820750534
9093,0.43410792987969277
9096,0.5407422145693483
9097,0.36616943949268643
9098,0.4726365188138245
9099,0.5016758246095815
9100,0.49300505335669476
9101,0.5524532992013842
9102,0.3227877464865916
9103,0.31761418680538095
9104,0.5194680483395668
9105,0.5209475257500478
9107,0.48115709011821717
9108,0.5073538665357544
9110,0.5361885401761314
9111,0.5529719133507898
9112,0.5685222678716729
9113,0.4312259459538901
9114,0.5196455041004311
9115,0.5080645818146786
9116,0.5126301824070855
9117,0.5530000047607596
9119,0.4626889073002259
9120,0.5506047384298167
9121,0.5505842001736396
9122,0.5524532992013842
9123,0.3367696725103997
9124,0.4791048559280373
9125,0.46830347532846295
9127,0.30362404509897445
9128,0.4319266196909258
9129,0.524487265758337
9130,0.3171301949430568
9132,0.4981729672480432
9133,0.3345763248948086
9134,0.5368623790344748
9136,0.5397013450503618
9140,0.33863459353181624
9144,0.36177070560236363
9145,0.334366880579651
9146,0.482692983286356
9147,0.47880504672375057
9148,0.5426092566292048
9149,0.5367145837705075
9150,0.5503452655351511
9151,0.48559312480535255
9152,0.5214063237288187
9153,0.5549716105469901
9154,0.4717880818356175
9155,0.5090731380470722
9156,0.32664093274139505
9157,0.4979015951345132
9159,0.5987990533025336
9160,0.5723654740992242
9161,0.5650123059312256
9163,0.48054515337601555
9164,0.47595007725205746
9167,0.5411644894808968
9169,0.5265663079162286
9170,0.5075595979366625
9171,0.4390647069264446
9172,0.5571069682081311
9173,0.5469196752907994
9174,0.512385180599932
9175,0.5382871689882573
9176,0.4944918113668363
9177,0.5250461341935728
9178,0.3319867308947676
9179,0.5667733128362921
9180,0.5032830862477508
9182,0.5569269828785659
9184,0.555023456598688
9185,0.5819378666317364
9187,0.5180750163756204
9188,0.4558090908972317
9189,0.35240607920650485
9190,0.54523622432562
9191,0.2851547640491315
9192,0.48365189875004944
9195,0.5373574092326192
9196,0.5644507777597333
9197,0.5839635974456395
9199,0.5335023175954023
9200,0.5048584230503136
9201,0.49762047172432433
9202,0.33742998864407897
9203,0.3513617124946203
9204,0.3513617124946203
9205,0.3333641546047978
9206,0.3333641546047978
9207,0.47847068887234023
9208,0.4950663261060088
9211,0.29516119787227396
9213,0.49030596411790023
9214,0.5472418294868062
9216,0.33703669200577574
9217,0.34459081646248807
9219,0.5883867276982024
9221,0.35448868319299226
9223,0.5375747740113661
9227,0.47727217635750735
9231,0.4980153209733202
9233,0.49318261530288854
9234,0.48398254557934484
9236,0.33815876823054863
9237,0.5124064508786478
9238,0.4600067189590015
9240,0.5237710342716061
9241,0.3237470440775203
9242,0.3401358758516117
9243,0.5772749747926142
9244,0.5646190671614993
9246,0.5151323020737174
9247,0.5634823491656971
9249,0.39799366639567413
9250,0.54523622432562
9251,0.5406348452900676
9252,0.49429945863299146
9253,0.5614801158902767
9254,0.5364590644824793
9255,0.5414880880295383
9256,0.5275393457153461
9257,0.5541958307311364
9258,0.5091165011778145
9260,0.43412339366121244
9265,0.5480062809217293
9266,0.5842244130289767
9268,0.5630493088055388
9270,0.5373574092326192
9271,0.3567508356292214
9273,0.3580123678843162
9276,0.4768293610294104
9277,0.47595007725205746
9278,0.47689680446602084
9279,0.3328000849462307
9280,0.5342843260878107
9281,0.3561236883984238
9282,0.5381058713100683
9287,0.4726365188138245
9288,0.5411644894808968
9289,0.5819378666317364
9290,0.5180750163756204
9291,0.45708698132932
9293,0.2933070037701878
9294,0.5978249585003353
9295,0.5409302765450971
9296,0.559853848884187
9297,0.3439254245650847
9298,0.5680722194622829
9301,0.4389651754221371
9302,0.33143374268121795
9303,0.3264801660912114
9306,0.42957833921457866
9308,0.3752773743798015
9313,0.448751039494664
9320,0.5344884057743289
9323,0.49167857452386493
9324,0.501312458980152
9326,0.5557046275733923
9327,0.5528999463039148
9328,0.5044368447682706
9329,0.5692522184633828
9330,0.5129296548247637
9332,0.35103008127090973
9333,0.5723654740992242
9334,0.5399900080264083
9335,0.5530512338434784
9337,0.5253356257476804
9341,0.482973236979703
9342,0.5987990533025336
9343,0.5987990533025336
9345,0.5055513332998621
9346,0.5584539587654374
9348,0.31612547161853455
9349,0.5650123059312256
9353,0.5375041389402029
9354,0.5005791507676051
9357,0.34557420766440144
9358,0.5759927051187548
9359,0.5553739637160731
9360,0.4687561844954474
9361,0.5579028911087218
9362,0.5980288944349998
9363,0.541377649505405
9365,0.5414749160013919
9366,0.5987990533025336
9367,0.5872373006829811
9368,0.5414749160013919
9369,0.5414749160013919
9370,0.5209754030045626
9372,0.3129442404153976
9373,0.49680381926716133
9376,0.5614323894012759
9377,0.5279867823980493
9378,0.5202828189824731
9379,0.5642473833015277
9381,0.5438862287520466
9383,0.48061980499821194
9384,0.4742092034925372
9385,0.4841567861885123
9386,0.5420521042606405
9389,0.5772749747926142
9390,0.5994845131546755
9391,0.5090714622442735
9392,0.5009021812075578
9393,0.3283177714036007
9394,0.5914121879130716
9395,0.5914121879130716
9396,0.5515069281322935
9397,0.36635439321741015
9398,0.3577758428929283
9399,0.47965998441238866
9400,0.49802855730466283
9401,0.5723654740992242
9403,0.539327535301571
9404,0.5411644894808968
9405,0.5344884057743289
9406,0.47961099116672384
9410,0.5622631942327208
9412,0.5265064710478969
9413,0.5671641248613284
9414,0.3110382645448836
9417,0.3473021487069859
9419,0.5445261253329657
9422,0.4689708227328041
9424,0.48083360296212063
9425,0.48072448384295774
9427,0.4983881078985438
9432,0.5671152001583752
9433,0.30403353985676707
9434,0.5062037596494504
9435,0.3402921781240908
9436,0.33575031847999315
9437,0.5584745286567486
9438,0.49094312566110815
9444,0.5341538345455228
9445,0.5451050255769959
9446,0.4906684775053526
9447,0.5415968175405727
9448,0.5770487283523277
9450,0.5881765236931892
9451,0.55999391314381
9452,0.5696439423680476
9453,0.5589367521238027
9455,0.5365997641357332
9456,0.5569275992356675
9457,0.5614801158902767
9458,0.5614801158902767
9459,0.5653563058378412
9460,0.5671152001583752
9461,0.58380799714956
9462,0.5397013450503618
9463,0.5571069682081311
9464,0.48261318639479694
9465,0.47806341109296974
9466,0.5515582184782701
9468,0.42125894072489267
9469,0.565382100303505
9470,0.5480062809217293
9474,0.55999391314381
9475,0.5098571719977166
9476,0.5341538345455228
9477,0.5472418294868062
9478,0.5472418294868062
9479,0.5020428748877773
9480,0.5472418294868062
9482,0.5472418294868062
9483,0.5472418294868062
9485,0.5472418294868062
9486,0.5020428748877773
9487,0.4982582507603881
9488,0.5022201920036442
9489,0.5151323020737174
9492,0.5055072012569584
9493,0.560368459268486
9494,0.5417105765160353
9495,0.5051374589478526
9499,0.337212606381889
9502,0.488849855310367
9503,0.4470344724262625
9504,0.5352542387346916
9507,0.5530790069477532
9508,0.29617851423677416
9509,0.49501147171792703
9511,0.5614801158902767
9512,0.5793414901209434
9513,0.5671152001583752
9514,0.500766438726676
9516,0.5735191341033238
9517,0.48869122589133307
9518,0.5987686988609892
9521,0.5819378666317364
9522,0.5730913971383363
9524,0.5425344646144118
9525,0.43749459398876067
9526,0.5613139901123475
9530,0.319636012760287
9531,0.5992619018116487
9532,0.5000752482368401
9533,0.5584539587654374
9534,0.3280056105020363
9536,0.4701182553930727
9539,0.5531055129128875
9542,0.48061980499821194
9545,0.5630493088055388
9546,0.5607756185811276
9547,0.555023456598688
9550,0.5449123768551064
9551,0.3350933277484235
9552,0.5718630176542161
9553,0.4656305228427997
9557,0.49096975160921275
9558,0.4687561844954474
9559,0.5455701935196086
9560,0.5416762357628984
9561,0.5416762357628984
9562,0.5455701935196086
9563,0.5416762357628984
9564,0.5416762357628984
9565,0.553324385876061
9566,0.3755916603260593
9567,0.4512764357126826
9569,0.3534082460602878
9570,0.33203731749163456
9571,0.3457749053443634
9573,0.5287004569276471
9574,0.478036679415054
9576,0.5569275992356675
9580,0.5890308395121433
9581,0.5412366611309258
9582,0.5032897293175004
9583,0.5639259369356029
9586,0.5695602063132073
9587,0.27206500081251356
9588,0.49978720205229066
9589,0.5646801826483007
9592,0.4504526539395939
9596,0.5380651707038819
9597,0.5883867276982024
9598,0.5850096674546174
9599,0.5569275992356675
9600,0.49501335120178186
9601,0.4848079620496118
9602,0.5435730877080994
9603,0.49030596411790023
9604,0.470359887073741
9609,0.5699637877345235
9611,0.5871017625683425
9618,0.4848079620496118
9619,0.48415110852902843
9620,0.4397891437894996
9621,0.5883867276982024
9624,0.4852439176955036
9625,0.4848079620496118
9627,0.4852439176955036
9628,0.5438862287520466
9629,0.5414749160013919
9632,0.5883867276982024
9633,0.5784104032524091
9634,0.5784104032524091
9635,0.5766307897946834
9638,0.5630398883825926
9639,0.34059883460354917
9642,0.5614801158902767
9643,0.5604692664161733
9644,0.5604692664161733
9647,0.5154474746565016
9654,0.5613139901123475
9655,0.4984810260084259
9656,0.5541043111711086
9657,0.5480062809217293
9658,0.47943890933432487
9659,0.5883867276982024
9660,0.5537028879864238
9661,0.5630493088055388
9662,0.5723654740992242
9663,0.542911741902634
9664,0.4381645473721931
9665,0.3314709771184045
9666,0.5081429289794146
9668,0.54183693728967
9669,0.5339007282540691
9670,0.32765704148944125
9671,0.5180750163756204
9672,0.4811364726121892
9674,0.6099254631211698
9675,0.5362689825967967
9676,0.5047648882407136
9677,0.5631275024997862
9678,0.5659073750856315
9679,0.4016421669889873
9681,0.5470406564112935
9682,0.5470406564112935
9683,0.5470406564112935
9689,0.5536036106015504
9690,0.44390058292197687
9691,0.36541374888459943
9692,0.32629266723661465
9693,0.5613139901123475
9694,0.5613139901123475
9695,0.3196497133794893
9698,0.53361154445401
9699,0.48224687540155403
9700,0.5542317713139115
9703,0.5514555839900581
9704,0.4153193847887019
9705,0.32394982481196716
9708,0.5460146318281148
9709,0.33598152378278956
9710,0.3395026313408158
9711,0.4794164904717102
9712,0.49439426713087453
9713,0.3722077231393582
9716,0.5403187135752499
9717,0.5511438585336461
9718,0.555023456598688
9719,0.314936071954956
9720,0.5438862287520466
9721,0.5530356682769741
9723,0.5531055129128875
9725,0.5254155478923637
9726,0.5819378666317364
9727,0.5106701638458522
9729,0.5370709503623996
9731,0.4826434977155584
9732,0.5699637877345235
9734,0.53361154445401
9736,0.5680722194622829
9737,0.5440434534417706
9739,0.5568862681195155
9740,0.5710481931641316
9742,0.458577177371183
9743,0.3240507304080362
9746,0.29944134164403435
9747,0.318150121666394
9749,0.4914824123722945
9751,0.5130107853296444
9752,0.5031741960785711
9754,0.5544638149916746
9755,0.5839635974456395
9756,0.5730913971383363
9757,0.5217694727017879
9761,0.5081315647602004
9762,0.5421862261093839
9763,0.5664293987405177
9764,0.4617024576310583
9765,0.5723654740992242
9766,0.5624982411488233
9768,0.5304153169491257
9769,0.5304153169491257
9770,0.33194717777893024
9772,0.5151323020737174
9773,0.3364337972718319
9774,0.49978720205229066
9775,0.35998092337030774
9776,0.5613139901123475
9778,0.5530512338434784
9780,0.48040424692231026
9783,0.5542312971978406
9784,0.5717305369529985
9785,0.5101564651665775
9786,0.3580590991588811
9787,0.48115709011821717
9788,0.5489350652142642
9789,0.3268261583650999
9790,0.5214774850506378
9792,0.5513179784422293
9796,0.5813771932114686
9798,0.4835051538242672
9800,0.47166335810701127
9802,0.529153375637846
9803,0.5293645447785238
9804,0.5176967348055034
9808,0.47898345052256047
9813,0.4841488034312732
9814,0.36014218253395724
9817,0.3211463710574543
9818,0.3608244417737494
9820,0.5610980960564181
9821,0.32561469581806735
9822,0.5622631942327208
9824,0.48145021469193516
9825,0.5530512338434784
9826,0.5530356682769741
9827,0.5530356682769741
9828,0.5530356682769741
9829,0.3362262569888489
9830,0.5530356682769741
9834,0.5081429289794146
9835,0.5603851002774675
9837,0.4788735824936401
9841,0.500064853280128
9842,0.5472418294868062
9843,0.5438862287520466
9844,0.5877767168850877
9845,0.5839635974456395
9846,0.5784104032524091
9847,0.4809500623089265
9850,0.5594733905696964
9852,0.4795488318764468
9853,0.5466097719484275
9854,0.35017708553065224
9855,0.5450076604837327
9856,0.5303047936984752
9857,0.3092278833542867
9859,0.4840615067919224
9860,0.5573601146177588
9861,0.5523934406703451
9862,0.5627742582386462
9863,0.5051374589478526
9865,0.5438862287520466
9869,0.5461200934086301
9870,0.4051861148206614
9871,0.37321086521768926
9872,0.37321086521768926
9873,0.37321086521768926
9874,0.5404544589696288
9875,0.4950663261060088
9876,0.32915259749301407
9877,0.32915259749301407
9878,0.49096975160921275
9879,0.32915259749301407
9880,0.566922326768989
9881,0.5766307897946834
9883,0.5589449552161366
9884,0.5404799583608239
9887,0.5573601146177588
9888,0.5603975468263535
9889,0.4246426276590828
9890,0.555023456598688
9892,0.5116255967779043
9893,0.5668688774892952
9894,0.5784104032524091
9895,0.31513934528886806
9896,0.5481983049768735
9897,0.5614801158902767
9899,0.46517745578594993
9900,0.5604692664161733
9901,0.5604692664161733
9902,0.3472185737290947
9905,0.37602662855555674
9907,0.47166335810701127
9909,0.47906852243551856
9910,0.3545478407256261
9911,0.344282277628501
9912,0.5530356682769741
9913,0.5438862287520466
9914,0.5438862287520466
9916,0.5381124053734577
9917,0.5945432000083797
9919,0.4593121586391532
9920,0.574342677533094
9922,0.392813064047039
9923,0.4810623194853599
9924,0.553324385876061
9928,0.5971565628197697
9929,0.5440866490612949
9931,0.5951457761947856
9932,0.567159007576332
9933,0.5360655325154028
9934,0.5632123983530941
9935,0.487679650328357
9936,0.5508563730837132
9937,0.407394177497681
9939,0.559853848884187
9941,0.5403187135752499
9944,0.5453438991006625
9957,0.5470406564112935
9964,0.47838832405986853
9967,0.4841567861885123
9968,0.3588920140328956
9973,0.4009542736429569
9984,0.48935464858019734
9985,0.5996876014073772
9987,0.4862372207753616
9988,0.4474245343798299
9989,0.5613139901123475
9991,0.5613139901123475
9992,0.540447143933609
9994,0.5438862287520466
9998,0.4979656919442395
10004,0.44085588421344013
10006,0.5730913971383363
10009,0.5614801158902767
10010,0.5614801158902767
10014,0.4489419165878855
10015,0.4720463097564612
10016,0.49919615944762746
10017,0.5542317713139115
10019,0.5438862287520466
10021,0.5543329785965386
10022,0.5530356682769741
10023,0.48869122589133307
10024,0.5138647681047814
10025,0.4434730581456312
10026,0.5523934406703451
10027,0.39127110203751053
10028,0.5690180035984032
10029,0.5402759275558758
10030,0.3984606780845202
10031,0.4093641590545554
10033,0.516678785608863
10034,0.5747733405066865
10035,0.461718793407076
10038,0.5421189437706224
10040,0.5996876014073773
10042,0.5614801158902767
10045,0.5497767045025268
10046,0.5406636836086245
10049,0.3335276305430656
10050,0.5992619018116487
10057,0.555998338997409
10059,0.556035874894406
10061,0.5407766083782912
10062,0.5472418294868062
10063,0.5434046908968391
10069,0.5412783710302633
10070,0.587552489232666
10071,0.5923320841871917
10072,0.5620613590925263
10073,0.5009516041179216
10078,0.5008765972129315
10079,0.5064273805589056
10080,0.5613139901123475
10082,0.5632123983530941
10086,0.42650094448218695
10090,0.5971231618658869
10091,0.5106613574778323
10092,0.42650094448218695
10093,0.49278222759886586
10094,0.5593807640474947
10095,0.5421189437706224
10096,0.37029673738505425
10097,0.41438451393469583
10098,0.5709323413961751
10101,0.5485972885661342
10103,0.5445261253329657
10105,0.5505692450705765
10106,0.49978720205229066
10107,0.3242297029008782
10108,0.4504640488483045
10110,0.55559845914823
10111,0.37147124180223806
10112,0.4751277188838832
10113,0.5489078065544621
10114,0.43781334332425276
10115,0.556031183324404
10116,0.48869122589133307
10117,0.5538140544687129
10118,0.5530356682769741
10121,0.5426906558579627
10122,0.47815374574124203
10123,0.5472418294868062
10124,0.5680722194622829
10125,0.5645081436601745
10126,0.5613139901123475
10127,0.5613139901123475
10128,0.5622631942327208
10129,0.5504993261848732
10130,0.5438862287520466
10131,0.555023456598688
10132,0.5304153169491257
10134,0.5541043111711086
10136,0.6058460332428406
10141,0.4312259459538901
10142,0.5426971302560681
10143,0.3048921191613617
10144,0.5378908796989605
10146,0.5340884483705314
10147,0.5352542387346916
10148,0.5400827160029764
10149,0.5632123983530941
10150,0.5665576124474727
10151,0.5343226980400643
10152,0.4715120423067176
10153,0.5406636836086245
10154,0.5438862287520466
10155,0.3854680785304186
10156,0.3096341188041442
10158,0.5685856754101276
10159,0.512462728081066
10160,0.5784104032524091
10161,0.5386093246978219
10166,0.5983605316152228
10167,0.5585328337900314
10168,0.5471304317227831
10169,0.5613483604244449
10174,0.5058840101844295
10175,0.5613139901123475
10176,0.5613139901123475
10177,0.4470344724262625
10178,0.4711924789841451
10179,0.5805469524478083
10180,0.4246426276590828
10181,0.5478934363540124
10183,0.5785695001140604
10185,0.5699883441384983
10186,0.3226649970926985
10187,0.46328394537956413
10189,0.5440434534417706
10191,0.5328328186407945
10193,0.5454505413156795
10194,0.5813771932114686
10195,0.5211756472076909
10196,0.5470901860152327
10197,0.5634632036511859
10198,0.563700878785706
10203,0.5541043111711086
10208,0.47741450424537457
10209,0.3386231780550587
10210,0.3386231780550587
10211,0.3386231780550587
10212,0.5945432000083797
10213,0.5945432000083797
10214,0.49869354063875915
10216,0.47486482961067333
10217,0.5574831451559004
10219,0.4593679464792975
10220,0.4565972727737722
10223,0.5406636836086245
10224,0.5411644894808968
10225,0.5530356682769741
10226,0.5530356682769741
10227,0.5530356682769741
10228,0.5541043111711086
10238,0.5680722194622829
10240,0.5505692450705765
10241,0.442097912395267
10242,0.44847331778311667
10243,0.5505913156498135
10245,0.5399900080264083
10246,0.48206589208456957
10248,0.27465914558923016
10249,0.4843889397750726
10250,0.3521699911037613
10252,0.5582486773414083
10253,0.557844116724946
10254,0.5613139901123475
10255,0.555023456598688
10256,0.49677941440012086
10257,0.48711500834727206
10259,0.45768231288575933
10260,0.5816470128105943
10261,0.5784104032524091
10262,0.5610715882892228
10263,0.6095551841767141
10265,0.5643911584556727
10266,0.5770487283523277
10267,0.5410756592791546
10268,0.3201977872250089
10269,0.5454505413156795
10271,0.5047264503167394
10272,0.5612093380247734
10273,0.5561492130439288
10274,0.5530356682769741
10279,0.58530581793196
10282,0.5386441963890525
10283,0.555077522745762
10284,0.5073819108839279
10285,0.49978720205229066
10286,0.5472418294868062
10288,0.43407036433818197
10289,0.49677941440012086
10294,0.5633331669307455
10296,0.5375519162961365
10297,0.548912477683013
10300,0.5008921923061702
10303,0.5406636836086245
10304,0.5399900080264083
10305,0.5438862287520466
10312,0.5614801158902767
10314,0.5821331010155534
10317,0.45928275268899227
10328,0.4361963484052115
10329,0.3470020473664796
10330,0.3572015353215219
10331,0.3470020473664796
10332,0.3572015353215219
10333,0.3572015353215219
10334,0.3470020473664796
10335,0.3470020473664796
10336,0.5615904322612139
10339,0.45834119786553873
10344,0.3323032545584683
10345,0.3802935887480601
10346,0.5263187823685357
10349,0.5444073115456604
10355,0.5928655275844885
10357,0.493955338115314
10358,0.37416445126787523
10359,0.514111020687005
10361,0.30369734285094974
10362,0.5511108312439194
10367,0.5403187135752499
10368,0.5403187135752499
10369,0.42992869129240247
10370,0.5569275992356675
10371,0.5545924406604514
10373,0.5505692450705765
10376,0.5526713012789155
10383,0.5412366611309258
10384,0.5651905113392336
10387,0.5685222678716729
10388,0.5430820860621678
10390,0.53361154445401
10402,0.5413991373381051
10410,0.5239758541601687
10411,0.555023456598688
10413,0.587552489232666
10415,0.5613139901123475
10418,0.5698012935380171
10420,0.530438766172832
10424,0.5541043111711086
10428,0.33194717777893024
10429,0.5669959847863313
10437,0.5416385220608328
10439,0.5613139901123475
10440,0.5817535476582145
10441,0.5407766083782912
10453,0.5526713012789155
10454,0.5544718289001013
10455,0.5569275992356675
10457,0.5569275992356675
10460,0.5420521042606405
10474,0.5386093246978219
10483,0.5398092072400951
10487,0.5341807167109789
10499,0.5451876645726246
10500,0.5297624735191516
10503,0.5529719133507898
10505,0.5309005766437649
10507,0.33825869596520886
10508,0.33825869596520886
10509,0.6003833431014021
10512,0.5630493088055388
10517,0.5828191384870895
10518,0.553150263330344
10520,0.5666172050131101
10522,0.48795052272282086
10523,0.5818929221584057
10524,0.5818929221584057
10526,0.5531242666615149
10530,0.5526713012789155
10531,0.5630493088055388
10535,0.37431681978582826
10536,0.48200914413658896
10537,0.4351708496087497
10538,0.5517569095674304
10539,0.5343226980400643
10540,0.5636483460535333
10546,0.5412366611309258
10553,0.5142687009578577
10554,0.5437595587722873
10563,0.5630493088055388
10564,0.5218886933690006
10565,0.5152423589682286
10566,0.5391044633960554
10569,0.5680722194622829
10578,0.33825869596520886
10579,0.33825869596520886
10582,0.5597444093745181
10583,0.5143572047182491
10589,0.5398092072400951
10595,0.3106487878000722
10600,0.5343226980400643
10602,0.5530356682769741
10603,0.5151323020737174
10605,0.5412366611309258
10608,0.5685222678716729
10621,0.5407360741852595
10622,0.555063357358022
10629,0.5187943757490431
10630,0.4979656919442395
10631,0.5065756900711215
10642,0.3051921191795231
10645,0.5761922630528461
10647,0.5216937930067318
10648,0.5678667359238345
10649,0.5992619018116487
10652,0.5505692450705765
10657,0.5098571719977166
10659,0.5651905113392336
10665,0.6099254631211698
10668,0.5784104032524091
10673,0.4509113158490311
10678,0.575253479292986
10679,0.5186771568756801
10680,0.5343226980400643
10685,0.35534781061325377
11111,0.5486455149264903
11122,0.5719345638978672
11127,0.5544718289001013
11137,0.5874777349809136
11141,0.5340884483705314
11144,0.5518421288694133
11147,0.5680722194622829
11154,0.5474835751497541
11157,0.5569275992356675
11158,0.5530356682769741
11180,0.5816470128105943
11193,0.541096211511672
11196,0.5426092566292048
11205,0.5784104032524091
11215,0.5530356682769741
11218,0.4770501937457392
